{
  "imports": {
    "@joeattardi/emoji-button": "./@joeattardi/emoji-button.js",
    "@videojs/themes/fantasy/index.css": "./@videojs/themes/fantasy/index.css",
    "htm": "./htm.js",
    "mark.js/dist/mark.es6.min.js": "./markjs/dist/mark.es6.min.js",
    "micromodal/dist/micromodal.min.js": "./micromodal/dist/micromodal.min.js",
    "preact": "./preact.js",
    "preact/hooks": "./preact/hooks.js",
    "tailwindcss/dist/tailwind.min.css": "./tailwindcss/dist/tailwind.min.css",
    "video.js/dist/video-js.min.css": "./videojs/dist/video-js.min.css",
    "video.js/dist/video.min.js": "./videojs/dist/video.min.js"
  }
}